ら戳,啥,}L基,程蔼基,程C基,ΜL基,Θユq
2026/1/30,00:00:00,32070,32115,32051,32064,1119
2026/1/30,00:05:00,32063,32092,31994,32062,1542
2026/1/30,00:10:00,32056,32180,32029,32174,1943
2026/1/30,00:15:00,32174,32195,32148,32188,1139
2026/1/30,00:20:00,32191,32218,32132,32176,1502
2026/1/30,00:25:00,32173,32204,32145,32170,1366
2026/1/30,00:30:00,32168,32193,32136,32138,1239
2026/1/30,00:35:00,32138,32178,32103,32167,929
2026/1/30,00:40:00,32162,32202,32157,32169,558
2026/1/30,00:45:00,32171,32192,32156,32179,354
2026/1/30,00:50:00,32182,32190,32135,32158,494
2026/1/30,00:55:00,32159,32172,32145,32166,362
2026/1/30,01:00:00,32164,32262,32164,32254,1458
2026/1/30,01:05:00,32251,32285,32251,32270,902
2026/1/30,01:10:00,32268,32278,32239,32262,908
2026/1/30,01:15:00,32264,32296,32258,32293,647
2026/1/30,01:20:00,32293,32333,32285,32320,830
2026/1/30,01:25:00,32321,32329,32297,32314,466
2026/1/30,01:30:00,32311,32326,32294,32318,349
2026/1/30,01:35:00,32320,32367,32319,32331,687
2026/1/30,01:40:00,32331,32335,32275,32299,768
2026/1/30,01:45:00,32301,32301,32249,32282,429
2026/1/30,01:50:00,32280,32286,32232,32235,361
2026/1/30,01:55:00,32235,32263,32230,32242,249
2026/1/30,02:00:00,32245,32306,32232,32291,459
2026/1/30,02:05:00,32296,32328,32285,32309,429
2026/1/30,02:10:00,32309,32336,32309,32326,353
2026/1/30,02:15:00,32323,32326,32291,32299,228
2026/1/30,02:20:00,32303,32312,32284,32312,132
2026/1/30,02:25:00,32310,32321,32300,32313,128
2026/1/30,02:30:00,32303,32303,32280,32301,116
2026/1/30,02:35:00,32303,32324,32296,32321,155
2026/1/30,02:40:00,32325,32346,32314,32339,255
2026/1/30,02:45:00,32340,32340,32315,32336,184
2026/1/30,02:50:00,32333,32341,32314,32325,131
2026/1/30,02:55:00,32324,32328,32300,32304,106
2026/1/30,03:00:00,32300,32321,32292,32314,138
2026/1/30,03:05:00,32319,32348,32319,32332,175
2026/1/30,03:10:00,32332,32345,32323,32342,119
2026/1/30,03:15:00,32342,32358,32332,32339,170
2026/1/30,03:20:00,32345,32366,32340,32363,162
2026/1/30,03:25:00,32363,32376,32358,32365,195
2026/1/30,03:30:00,32365,32373,32323,32328,146
2026/1/30,03:35:00,32327,32355,32327,32341,94
2026/1/30,03:40:00,32343,32353,32343,32347,35
2026/1/30,03:45:00,32350,32355,32333,32335,62
2026/1/30,03:50:00,32335,32350,32333,32349,69
2026/1/30,03:55:00,32349,32361,32318,32319,149
2026/1/30,04:00:00,32315,32342,32306,32330,118
2026/1/30,04:05:00,32333,32348,32332,32343,85
2026/1/30,04:10:00,32337,32342,32329,32335,53
2026/1/30,04:15:00,32335,32347,32332,32347,34
2026/1/30,04:20:00,32343,32350,32333,32345,38
2026/1/30,04:25:00,32346,32347,32316,32317,68
2026/1/30,04:30:00,32318,32330,32306,32330,104
2026/1/30,04:35:00,32333,32388,32332,32373,352
2026/1/30,04:40:00,32373,32402,32365,32387,352
2026/1/30,04:45:00,32383,32387,32369,32378,197
2026/1/30,04:50:00,32378,32423,32378,32416,322
2026/1/30,04:55:00,32416,32466,32414,32443,642
2026/1/30,08:45:00,32456,32518,32451,32494,3262
2026/1/30,08:50:00,32495,32526,32483,32489,1198
2026/1/30,08:55:00,32489,32522,32472,32518,1021
2026/1/30,09:00:00,32516,32520,32389,32461,3412
2026/1/30,09:05:00,32460,32460,32358,32360,1858
2026/1/30,09:10:00,32360,32414,32350,32388,2121
2026/1/30,09:15:00,32390,32437,32390,32397,1663
2026/1/30,09:20:00,32399,32420,32318,32358,2093
2026/1/30,09:25:00,32356,32375,32311,32341,1464
2026/1/30,09:30:00,32342,32355,32307,32347,1175
2026/1/30,09:35:00,32348,32352,32229,32238,2458
2026/1/30,09:40:00,32237,32243,32156,32237,4428
2026/1/30,09:45:00,32238,32244,32167,32174,1835
2026/1/30,09:50:00,32177,32233,32168,32228,1902
2026/1/30,09:55:00,32226,32236,32171,32190,1730
2026/1/30,10:00:00,32196,32205,32112,32118,2497
2026/1/30,10:05:00,32113,32295,32111,32290,3667
2026/1/30,10:10:00,32287,32293,32197,32214,1657
2026/1/30,10:15:00,32213,32247,32192,32203,1507
2026/1/30,10:20:00,32201,32206,32128,32128,2101
2026/1/30,10:25:00,32130,32175,32104,32113,1585
2026/1/30,10:30:00,32113,32168,32092,32159,1951
2026/1/30,10:35:00,32155,32195,32148,32165,1058
2026/1/30,10:40:00,32166,32211,32145,32188,1172
2026/1/30,10:45:00,32187,32232,32185,32224,1262
2026/1/30,10:50:00,32223,32290,32223,32283,1504
2026/1/30,10:55:00,32284,32377,32284,32357,3014
2026/1/30,11:00:00,32359,32412,32341,32400,1712
2026/1/30,11:05:00,32396,32410,32363,32365,1284
2026/1/30,11:10:00,32366,32386,32326,32326,976
2026/1/30,11:15:00,32330,32338,32279,32287,1385
2026/1/30,11:20:00,32288,32312,32272,32303,783
2026/1/30,11:25:00,32309,32326,32284,32311,587
2026/1/30,11:30:00,32309,32333,32268,32312,802
2026/1/30,11:35:00,32309,32317,32260,32271,981
2026/1/30,11:40:00,32270,32309,32262,32290,584
2026/1/30,11:45:00,32291,32317,32288,32300,488
2026/1/30,11:50:00,32300,32320,32288,32314,275
2026/1/30,11:55:00,32315,32329,32290,32290,440
2026/1/30,12:00:00,32293,32314,32286,32305,416
2026/1/30,12:05:00,32308,32366,32291,32365,1000
2026/1/30,12:10:00,32364,32376,32334,32362,785
2026/1/30,12:15:00,32364,32370,32305,32312,767
2026/1/30,12:20:00,32313,32322,32274,32312,741
2026/1/30,12:25:00,32313,32348,32295,32342,671
2026/1/30,12:30:00,32341,32354,32316,32326,738
2026/1/30,12:35:00,32330,32363,32329,32348,373
2026/1/30,12:40:00,32347,32355,32330,32345,412
2026/1/30,12:45:00,32345,32353,32336,32336,236
2026/1/30,12:50:00,32335,32361,32314,32359,591
2026/1/30,12:55:00,32360,32361,32327,32351,370
2026/1/30,13:00:00,32351,32384,32347,32352,894
2026/1/30,13:05:00,32355,32358,32329,32337,547
2026/1/30,13:10:00,32340,32342,32318,32325,555
2026/1/30,13:15:00,32324,32327,32270,32272,1162
2026/1/30,13:20:00,32272,32296,32261,32261,1116
2026/1/30,13:25:00,32262,32314,32235,32279,1694
2026/1/30,13:30:00,32280,32290,32222,32247,2240
2026/1/30,13:35:00,32246,32258,32240,32249,1204
2026/1/30,13:40:00,32248,32284,32242,32247,2607
2026/1/30,15:00:00,32116,32140,32052,32085,1842
2026/1/30,15:05:00,32085,32139,32073,32132,713
2026/1/30,15:10:00,32134,32148,32122,32124,315
2026/1/30,15:15:00,32127,32133,32107,32107,301
2026/1/30,15:20:00,32107,32119,32057,32067,734
2026/1/30,15:25:00,32063,32064,32016,32040,1136
2026/1/30,15:30:00,32040,32064,32004,32054,831
2026/1/30,15:35:00,32057,32071,32006,32015,489
2026/1/30,15:40:00,32015,32015,31908,31945,1885
2026/1/30,15:45:00,31942,31962,31900,31952,814
2026/1/30,15:50:00,31951,31958,31921,31930,397
2026/1/30,15:55:00,31930,31959,31902,31910,508
2026/1/30,16:00:00,31912,31956,31883,31956,1035
2026/1/30,16:05:00,31957,31962,31900,31914,466
2026/1/30,16:10:00,31914,31994,31909,31988,963
2026/1/30,16:15:00,31987,32003,31965,31989,469
2026/1/30,16:20:00,31987,32009,31986,31996,319
2026/1/30,16:25:00,31995,32017,31981,31990,311
2026/1/30,16:30:00,31991,31992,31934,31945,414
2026/1/30,16:35:00,31946,31970,31931,31960,266
2026/1/30,16:40:00,31956,31974,31943,31968,231
2026/1/30,16:45:00,31968,32002,31958,31998,254
2026/1/30,16:50:00,32001,32044,31978,32039,451
2026/1/30,16:55:00,32040,32048,32021,32031,544
2026/1/30,17:00:00,32029,32055,32025,32036,418
2026/1/30,17:05:00,32036,32060,31991,31994,499
2026/1/30,17:10:00,31996,32005,31931,31946,661
2026/1/30,17:15:00,31948,31966,31916,31954,457
2026/1/30,17:20:00,31953,31966,31939,31944,145
2026/1/30,17:25:00,31941,31948,31920,31939,308
2026/1/30,17:30:00,31941,31963,31925,31950,254
2026/1/30,17:35:00,31950,31980,31938,31942,204
2026/1/30,17:40:00,31941,31956,31917,31925,285
2026/1/30,17:45:00,31925,31928,31891,31897,604
2026/1/30,17:50:00,31896,31903,31855,31865,1144
2026/1/30,17:55:00,31862,31906,31857,31887,476
2026/1/30,18:00:00,31887,31940,31884,31930,657
2026/1/30,18:05:00,31929,31933,31901,31915,220
2026/1/30,18:10:00,31915,31945,31908,31943,161
2026/1/30,18:15:00,31942,31945,31925,31931,169
2026/1/30,18:20:00,31937,31953,31932,31947,181
2026/1/30,18:25:00,31939,31941,31920,31934,119
2026/1/30,18:30:00,31930,31981,31927,31970,363
2026/1/30,18:35:00,31972,31994,31968,31972,279
2026/1/30,18:40:00,31971,31983,31961,31972,180
2026/1/30,18:45:00,31970,31983,31966,31975,215
2026/1/30,18:50:00,31974,31996,31967,31977,192
2026/1/30,18:55:00,31977,31982,31962,31977,123
2026/1/30,19:00:00,31981,32002,31966,31995,427
2026/1/30,19:05:00,31995,32017,31989,32008,218
2026/1/30,19:10:00,32009,32026,32007,32018,325
2026/1/30,19:15:00,32015,32034,32009,32010,328
2026/1/30,19:20:00,32010,32036,32008,32035,185
2026/1/30,19:25:00,32035,32057,32030,32048,493
2026/1/30,19:30:00,32048,32095,32042,32083,917
2026/1/30,19:35:00,32085,32103,32081,32098,770
2026/1/30,19:40:00,32099,32118,32090,32094,546
2026/1/30,19:45:00,32091,32095,32043,32051,462
2026/1/30,19:50:00,32054,32179,32054,32176,1120
2026/1/30,19:55:00,32172,32198,32168,32168,1072
2026/1/30,20:00:00,32171,32220,32171,32199,861
2026/1/30,20:05:00,32199,32199,32172,32172,340
2026/1/30,20:10:00,32177,32197,32164,32181,326
2026/1/30,20:15:00,32180,32191,32157,32161,245
2026/1/30,20:20:00,32161,32189,32153,32187,307
2026/1/30,20:25:00,32188,32188,32157,32161,216
2026/1/30,20:30:00,32160,32178,32153,32153,201
2026/1/30,20:35:00,32152,32186,32150,32164,222
2026/1/30,20:40:00,32166,32177,32111,32111,607
2026/1/30,20:45:00,32109,32140,32103,32117,460
2026/1/30,20:50:00,32117,32123,32020,32039,1045
2026/1/30,20:55:00,32046,32086,32037,32078,569
2026/1/30,21:00:00,32079,32138,32073,32136,780
2026/1/30,21:05:00,32135,32155,32121,32133,421
2026/1/30,21:10:00,32132,32184,32132,32178,562
2026/1/30,21:15:00,32177,32180,32145,32149,262
2026/1/30,21:20:00,32150,32158,32121,32127,241
2026/1/30,21:25:00,32126,32185,32097,32167,544
2026/1/30,21:30:00,32167,32168,32088,32148,596
2026/1/30,21:35:00,32142,32160,32106,32118,269
2026/1/30,21:40:00,32118,32142,32098,32141,253
2026/1/30,21:45:00,32142,32147,32104,32104,271
2026/1/30,21:50:00,32103,32112,32074,32102,432
2026/1/30,21:55:00,32102,32126,32096,32096,244
2026/1/30,22:00:00,32094,32126,32069,32081,577
2026/1/30,22:05:00,32083,32118,32083,32089,250
2026/1/30,22:10:00,32092,32115,32090,32113,207
2026/1/30,22:15:00,32114,32134,32106,32115,253
2026/1/30,22:20:00,32113,32115,32092,32096,146
2026/1/30,22:25:00,32100,32107,32065,32100,444
2026/1/30,22:30:00,32103,32197,32089,32177,2075
2026/1/30,22:35:00,32178,32256,32147,32249,1662
2026/1/30,22:40:00,32248,32306,32211,32230,2204
2026/1/30,22:45:00,32235,32248,32192,32238,1092
2026/1/30,22:50:00,32234,32300,32222,32228,1228
2026/1/30,22:55:00,32229,32264,32151,32173,1210
2026/1/30,23:00:00,32176,32216,32113,32128,1883
2026/1/30,23:05:00,32133,32239,32127,32225,1054
2026/1/30,23:10:00,32227,32265,32195,32221,825
2026/1/30,23:15:00,32221,32261,32217,32253,634
2026/1/30,23:20:00,32251,32274,32217,32229,667
2026/1/30,23:25:00,32231,32237,32165,32168,681
2026/1/30,23:30:00,32168,32177,32131,32141,933
2026/1/30,23:35:00,32141,32218,32138,32213,933
2026/1/30,23:40:00,32213,32255,32206,32244,755
2026/1/30,23:45:00,32244,32265,32228,32245,463
2026/1/30,23:50:00,32242,32242,32177,32195,555
2026/1/30,23:55:00,32197,32201,32157,32168,437
2026/1/31,00:00:00,32168,32177,32137,32150,564
2026/1/31,00:05:00,32153,32168,32091,32096,826
2026/1/31,00:10:00,32097,32110,32054,32068,1175
2026/1/31,00:15:00,32069,32069,31950,31993,2051
2026/1/31,00:20:00,31992,31992,31905,31952,1441
2026/1/31,00:25:00,31954,32007,31944,31973,1142
2026/1/31,00:30:00,31968,32047,31963,31987,1265
2026/1/31,00:35:00,31995,32064,31980,32037,764
2026/1/31,00:40:00,32034,32132,32033,32104,987
2026/1/31,00:45:00,32104,32105,32037,32044,688
2026/1/31,00:50:00,32040,32050,31988,32033,700
2026/1/31,00:55:00,32033,32041,31995,32009,435
2026/1/31,01:00:00,32007,32028,31990,31999,451
2026/1/31,01:05:00,31997,32006,31930,31958,759
2026/1/31,01:10:00,31957,31993,31943,31947,739
2026/1/31,01:15:00,31950,31963,31927,31954,451
2026/1/31,01:20:00,31959,32030,31950,32000,685
2026/1/31,01:25:00,32000,32045,31998,32040,415
2026/1/31,01:30:00,32031,32052,31963,31963,764
2026/1/31,01:35:00,31962,31995,31931,31960,528
2026/1/31,01:40:00,31957,31976,31938,31973,317
2026/1/31,01:45:00,31977,32009,31951,31968,305
2026/1/31,01:50:00,31969,31989,31950,31965,337
2026/1/31,01:55:00,31962,31980,31928,31929,290
2026/1/31,02:00:00,31928,31940,31907,31918,512
2026/1/31,02:05:00,31920,31958,31888,31898,649
2026/1/31,02:10:00,31901,31901,31812,31885,1946
2026/1/31,02:15:00,31881,31908,31762,31773,1233
2026/1/31,02:20:00,31770,31787,31700,31780,1467
2026/1/31,02:25:00,31777,31844,31768,31834,881
2026/1/31,02:30:00,31840,31852,31762,31766,732
2026/1/31,02:35:00,31766,31818,31760,31799,533
2026/1/31,02:40:00,31802,31840,31796,31814,322
2026/1/31,02:45:00,31811,31898,31797,31869,701
2026/1/31,02:50:00,31867,31902,31844,31897,739
2026/1/31,02:55:00,31897,31998,31868,31953,1313
2026/1/31,03:00:00,31956,32026,31954,32009,876
2026/1/31,03:05:00,32005,32047,31996,32007,749
2026/1/31,03:10:00,32008,32015,31971,32001,390
2026/1/31,03:15:00,32002,32014,31981,31997,258
2026/1/31,03:20:00,31995,32024,31995,32015,328
2026/1/31,03:25:00,32020,32020,31962,31962,201
2026/1/31,03:30:00,31961,31989,31907,31976,565
2026/1/31,03:35:00,31975,31997,31963,31978,358
2026/1/31,03:40:00,31980,31981,31956,31961,104
2026/1/31,03:45:00,31961,31961,31931,31935,178
2026/1/31,03:50:00,31940,31985,31932,31978,260
2026/1/31,03:55:00,31980,31990,31915,31916,199
2026/1/31,04:00:00,31920,31938,31913,31927,183
2026/1/31,04:05:00,31922,31930,31887,31920,233
2026/1/31,04:10:00,31916,31920,31895,31896,111
2026/1/31,04:15:00,31895,31896,31864,31888,293
2026/1/31,04:20:00,31886,31895,31853,31890,256
2026/1/31,04:25:00,31892,31907,31847,31876,180
2026/1/31,04:30:00,31876,31903,31871,31896,165
2026/1/31,04:35:00,31895,31915,31858,31881,164
2026/1/31,04:40:00,31879,31905,31874,31900,102
2026/1/31,04:45:00,31899,31931,31898,31929,244
2026/1/31,04:50:00,31933,31946,31891,31902,354
2026/1/31,04:55:00,31901,31911,31850,31889,380
2026/2/2,08:45:00,31888,31953,31822,31877,3807
2026/2/2,08:50:00,31879,31964,31860,31948,2296
2026/2/2,08:55:00,31946,31950,31845,31847,1727
2026/2/2,09:00:00,31847,31951,31787,31801,4231
2026/2/2,09:05:00,31805,31855,31706,31800,4121
2026/2/2,09:10:00,31801,31801,31670,31702,4228
2026/2/2,09:15:00,31703,31774,31680,31723,2740
2026/2/2,09:20:00,31723,31784,31680,31758,2775
2026/2/2,09:25:00,31758,31799,31744,31758,1461
2026/2/2,09:30:00,31760,31765,31634,31668,4589
2026/2/2,09:35:00,31667,31747,31645,31734,1969
2026/2/2,09:40:00,31728,31734,31590,31598,3556
2026/2/2,09:45:00,31595,31603,31527,31560,3427
2026/2/2,09:50:00,31557,31580,31502,31505,2460
2026/2/2,09:55:00,31506,31539,31455,31505,3208
2026/2/2,10:00:00,31510,31571,31482,31564,2145
2026/2/2,10:05:00,31562,31603,31514,31526,1959
2026/2/2,10:10:00,31524,31527,31472,31492,1870
2026/2/2,10:15:00,31490,31568,31484,31546,1377
2026/2/2,10:20:00,31546,31638,31537,31631,1721
2026/2/2,10:25:00,31627,31645,31590,31617,1557
2026/2/2,10:30:00,31614,31652,31570,31572,1299
2026/2/2,10:35:00,31572,31682,31569,31656,1813
2026/2/2,10:40:00,31656,31687,31615,31634,944
2026/2/2,10:45:00,31632,31650,31591,31598,1162
2026/2/2,10:50:00,31598,31598,31545,31568,1689
2026/2/2,10:55:00,31569,31581,31502,31507,983
2026/2/2,11:00:00,31506,31544,31486,31512,1156
2026/2/2,11:05:00,31510,31532,31480,31489,959
2026/2/2,11:10:00,31490,31512,31464,31488,1041
2026/2/2,11:15:00,31486,31501,31438,31488,1533
2026/2/2,11:20:00,31488,31539,31476,31510,1555
2026/2/2,11:25:00,31508,31532,31481,31497,550
2026/2/2,11:30:00,31497,31537,31473,31525,791
2026/2/2,11:35:00,31529,31533,31455,31457,1031
2026/2/2,11:40:00,31455,31463,31432,31444,1246
2026/2/2,11:45:00,31446,31488,31418,31478,1699
2026/2/2,11:50:00,31474,31492,31444,31477,833
2026/2/2,11:55:00,31480,31496,31448,31461,560
2026/2/2,12:00:00,31464,31484,31402,31406,1311
2026/2/2,12:05:00,31404,31456,31392,31446,1326
2026/2/2,12:10:00,31445,31465,31415,31458,810
2026/2/2,12:15:00,31458,31533,31451,31527,1741
2026/2/2,12:20:00,31529,31584,31515,31576,1679
2026/2/2,12:25:00,31576,31592,31530,31548,930
2026/2/2,12:30:00,31546,31587,31544,31583,803
2026/2/2,12:35:00,31584,31615,31562,31610,966
2026/2/2,12:40:00,31609,31661,31600,31651,1766
2026/2/2,12:45:00,31654,31666,31632,31649,1153
2026/2/2,12:50:00,31648,31675,31620,31656,1188
2026/2/2,12:55:00,31656,31679,31650,31661,650
2026/2/2,13:00:00,31660,31669,31627,31642,1466
2026/2/2,13:05:00,31644,31663,31632,31645,747
2026/2/2,13:10:00,31650,31655,31607,31652,1245
2026/2/2,13:15:00,31652,31666,31628,31640,1055
2026/2/2,13:20:00,31638,31670,31638,31652,1245
2026/2/2,13:25:00,31656,31656,31618,31650,1063
2026/2/2,13:30:00,31651,31659,31617,31632,1575
2026/2/2,13:35:00,31632,31655,31616,31626,1112
2026/2/2,13:40:00,31626,31644,31605,31610,2392
2026/2/2,15:00:00,31580,31659,31578,31639,806
2026/2/2,15:05:00,31637,31773,31618,31753,1492
2026/2/2,15:10:00,31757,31757,31690,31701,623
2026/2/2,15:15:00,31699,31733,31677,31731,453
2026/2/2,15:20:00,31733,31745,31721,31728,345
2026/2/2,15:25:00,31730,31749,31724,31748,275
2026/2/2,15:30:00,31748,31750,31710,31717,312
2026/2/2,15:35:00,31717,31738,31709,31738,229
2026/2/2,15:40:00,31730,31732,31707,31714,190
2026/2/2,15:45:00,31718,31735,31718,31728,121
2026/2/2,15:50:00,31731,31746,31717,31746,139
2026/2/2,15:55:00,31742,31788,31742,31788,780
2026/2/2,16:00:00,31785,31819,31772,31806,876
2026/2/2,16:05:00,31804,31830,31796,31826,516
2026/2/2,16:10:00,31826,31844,31824,31826,537
2026/2/2,16:15:00,31825,31845,31814,31841,349
2026/2/2,16:20:00,31841,31843,31822,31828,210
2026/2/2,16:25:00,31825,31830,31807,31827,315
2026/2/2,16:30:00,31828,31853,31816,31844,396
2026/2/2,16:35:00,31846,31852,31827,31844,264
2026/2/2,16:40:00,31842,31842,31829,31841,95
2026/2/2,16:45:00,31839,31845,31822,31827,122
2026/2/2,16:50:00,31829,31844,31821,31834,84
2026/2/2,16:55:00,31836,31840,31827,31829,133
2026/2/2,17:00:00,31832,31835,31768,31779,817
2026/2/2,17:05:00,31776,31786,31752,31777,451
2026/2/2,17:10:00,31778,31796,31776,31796,239
2026/2/2,17:15:00,31797,31816,31774,31815,281
2026/2/2,17:20:00,31814,31875,31802,31859,813
2026/2/2,17:25:00,31862,31864,31841,31846,271
2026/2/2,17:30:00,31844,31857,31827,31842,273
2026/2/2,17:35:00,31843,31869,31835,31859,248
2026/2/2,17:40:00,31859,31873,31852,31866,309
2026/2/2,17:45:00,31866,31886,31866,31876,343
2026/2/2,17:50:00,31877,31883,31855,31859,296
2026/2/2,17:55:00,31860,31874,31856,31874,161
2026/2/2,18:00:00,31871,31895,31859,31862,519
2026/2/2,18:05:00,31862,31874,31851,31851,223
2026/2/2,18:10:00,31850,31865,31849,31855,161
2026/2/2,18:15:00,31858,31872,31847,31854,139
2026/2/2,18:20:00,31856,31865,31838,31842,154
2026/2/2,18:25:00,31847,31856,31842,31854,66
2026/2/2,18:30:00,31854,31875,31850,31862,168
2026/2/2,18:35:00,31865,31865,31813,31820,343
2026/2/2,18:40:00,31823,31828,31808,31817,167
2026/2/2,18:45:00,31815,31823,31792,31822,244
2026/2/2,18:50:00,31820,31842,31817,31837,176
2026/2/2,18:55:00,31837,31840,31826,31834,87
2026/2/2,19:00:00,31832,31850,31831,31832,188
2026/2/2,19:05:00,31832,31868,31831,31866,163
2026/2/2,19:10:00,31865,31885,31859,31884,308
2026/2/2,19:15:00,31881,31883,31864,31875,126
2026/2/2,19:20:00,31874,31885,31868,31874,181
2026/2/2,19:25:00,31875,31903,31873,31896,418
2026/2/2,19:30:00,31898,31910,31889,31905,584
2026/2/2,19:35:00,31903,31925,31900,31923,301
2026/2/2,19:40:00,31919,31932,31912,31922,319
2026/2/2,19:45:00,31922,31932,31910,31913,227
2026/2/2,19:50:00,31913,31916,31895,31903,251
2026/2/2,19:55:00,31906,31908,31888,31893,237
2026/2/2,20:00:00,31895,31920,31888,31913,235
2026/2/2,20:05:00,31913,31922,31900,31909,227
2026/2/2,20:10:00,31914,31925,31910,31922,151
2026/2/2,20:15:00,31919,31940,31917,31928,329
2026/2/2,20:20:00,31927,31935,31920,31924,193
2026/2/2,20:25:00,31922,31950,31922,31949,300
2026/2/2,20:30:00,31946,31949,31926,31929,267
2026/2/2,20:35:00,31930,31933,31914,31920,182
2026/2/2,20:40:00,31922,31932,31921,31926,166
2026/2/2,20:45:00,31925,31941,31914,31915,187
2026/2/2,20:50:00,31913,31922,31906,31915,252
2026/2/2,20:55:00,31913,31916,31904,31916,101
2026/2/2,21:00:00,31911,31914,31874,31877,493
2026/2/2,21:05:00,31880,31905,31879,31897,269
2026/2/2,21:10:00,31896,31917,31895,31910,215
2026/2/2,21:15:00,31915,31922,31892,31897,168
2026/2/2,21:20:00,31895,31927,31895,31911,178
2026/2/2,21:25:00,31912,31924,31905,31908,160
2026/2/2,21:30:00,31910,31918,31882,31888,196
2026/2/2,21:35:00,31891,31908,31873,31908,289
2026/2/2,21:40:00,31903,31913,31899,31913,111
2026/2/2,21:45:00,31913,31925,31908,31917,155
2026/2/2,21:50:00,31917,31944,31916,31944,236
2026/2/2,21:55:00,31942,31972,31937,31952,714
2026/2/2,22:00:00,31952,31957,31918,31920,350
2026/2/2,22:05:00,31919,31931,31913,31914,186
2026/2/2,22:10:00,31915,31933,31913,31920,137
2026/2/2,22:15:00,31919,31924,31911,31911,114
2026/2/2,22:20:00,31911,31919,31898,31915,223
2026/2/2,22:25:00,31909,31933,31901,31929,206
2026/2/2,22:30:00,31932,32042,31921,32028,2312
2026/2/2,22:35:00,32029,32095,32005,32079,1775
2026/2/2,22:40:00,32080,32092,32054,32066,965
2026/2/2,22:45:00,32068,32099,32043,32093,1028
2026/2/2,22:50:00,32092,32147,32092,32118,1300
2026/2/2,22:55:00,32122,32123,32048,32089,1046
2026/2/2,23:00:00,32089,32128,32060,32126,987
2026/2/2,23:05:00,32128,32158,32126,32156,1178
2026/2/2,23:10:00,32154,32178,32137,32172,1082
2026/2/2,23:15:00,32171,32215,32147,32214,1319
2026/2/2,23:20:00,32212,32220,32193,32197,731
2026/2/2,23:25:00,32200,32212,32183,32186,558
2026/2/2,23:30:00,32186,32215,32175,32211,657
2026/2/2,23:35:00,32212,32250,32203,32250,854
2026/2/2,23:40:00,32250,32252,32205,32216,799
2026/2/2,23:45:00,32216,32217,32181,32182,717
2026/2/2,23:50:00,32181,32209,32173,32200,337
2026/2/2,23:55:00,32200,32200,32162,32177,626
2026/2/3,00:00:00,32176,32196,32167,32172,471
2026/2/3,00:05:00,32174,32214,32161,32208,606
2026/2/3,00:10:00,32211,32215,32200,32209,255
2026/2/3,00:15:00,32206,32232,32205,32229,397
2026/2/3,00:20:00,32227,32240,32220,32220,310
2026/2/3,00:25:00,32221,32239,32220,32233,237
2026/2/3,00:30:00,32232,32235,32216,32230,234
2026/2/3,00:35:00,32234,32240,32225,32225,286
2026/2/3,00:40:00,32230,32236,32215,32227,205
2026/2/3,00:45:00,32230,32233,32191,32203,449
2026/2/3,00:50:00,32201,32215,32183,32215,225
2026/2/3,00:55:00,32213,32247,32207,32236,394
2026/2/3,01:00:00,32235,32262,32235,32240,630
2026/2/3,01:05:00,32241,32248,32227,32245,189
2026/2/3,01:10:00,32247,32250,32235,32238,116
2026/2/3,01:15:00,32239,32248,32230,32240,267
2026/2/3,01:20:00,32240,32240,32225,32235,168
2026/2/3,01:25:00,32236,32254,32232,32251,111
2026/2/3,01:30:00,32251,32258,32240,32257,161
2026/2/3,01:35:00,32257,32276,32256,32266,500
2026/2/3,01:40:00,32268,32270,32250,32264,160
2026/2/3,01:45:00,32265,32280,32263,32277,178
2026/2/3,01:50:00,32277,32289,32272,32288,261
2026/2/3,01:55:00,32288,32293,32283,32287,196
2026/2/3,02:00:00,32288,32298,32288,32293,279
2026/2/3,02:05:00,32291,32299,32289,32298,175
2026/2/3,02:10:00,32298,32298,32278,32280,177
2026/2/3,02:15:00,32281,32285,32263,32263,211
2026/2/3,02:20:00,32262,32280,32255,32274,144
2026/2/3,02:25:00,32277,32281,32266,32267,58
2026/2/3,02:30:00,32268,32281,32268,32281,52
2026/2/3,02:35:00,32279,32286,32275,32280,78
2026/2/3,02:40:00,32280,32291,32277,32286,71
2026/2/3,02:45:00,32286,32298,32274,32294,136
2026/2/3,02:50:00,32291,32293,32277,32284,55
2026/2/3,02:55:00,32279,32294,32279,32284,40
2026/2/3,03:00:00,32281,32288,32278,32283,52
2026/2/3,03:05:00,32282,32282,32270,32270,54
2026/2/3,03:10:00,32272,32276,32263,32273,72
2026/2/3,03:15:00,32268,32269,32264,32268,28
2026/2/3,03:20:00,32267,32270,32256,32258,97
2026/2/3,03:25:00,32258,32261,32246,32257,140
2026/2/3,03:30:00,32258,32258,32245,32254,97
2026/2/3,03:35:00,32254,32260,32248,32257,88
2026/2/3,03:40:00,32255,32259,32249,32259,51
2026/2/3,03:45:00,32259,32265,32250,32250,68
2026/2/3,03:50:00,32251,32253,32237,32246,95
2026/2/3,03:55:00,32245,32265,32193,32195,485
2026/2/3,04:00:00,32197,32218,32157,32206,820
2026/2/3,04:05:00,32209,32243,32209,32243,111
2026/2/3,04:10:00,32243,32247,32216,32216,76
2026/2/3,04:15:00,32215,32224,32193,32204,170
2026/2/3,04:20:00,32207,32218,32201,32204,62
2026/2/3,04:25:00,32206,32207,32183,32190,159
2026/2/3,04:30:00,32189,32190,32178,32187,138
2026/2/3,04:35:00,32188,32196,32178,32188,144
2026/2/3,04:40:00,32191,32223,32186,32222,148
2026/2/3,04:45:00,32220,32250,32213,32247,134
2026/2/3,04:50:00,32247,32268,32232,32247,169
2026/2/3,04:55:00,32245,32261,32240,32241,174
2026/2/3,08:45:00,32386,32446,32362,32416,3598
2026/2/3,08:50:00,32415,32431,32352,32355,1750
2026/2/3,08:55:00,32355,32359,32309,32327,1671
2026/2/3,09:00:00,32328,32352,32257,32322,4256
2026/2/3,09:05:00,32322,32340,32294,32315,1571
2026/2/3,09:10:00,32316,32383,32316,32369,1903
2026/2/3,09:15:00,32370,32388,32358,32373,1221
2026/2/3,09:20:00,32372,32395,32345,32377,1522
2026/2/3,09:25:00,32376,32412,32364,32368,1690
2026/2/3,09:30:00,32368,32373,32314,32338,1780
2026/2/3,09:35:00,32338,32363,32329,32329,1133
2026/2/3,09:40:00,32330,32334,32278,32319,1920
2026/2/3,09:45:00,32322,32327,32252,32275,1699
2026/2/3,09:50:00,32276,32285,32201,32201,2007
2026/2/3,09:55:00,32206,32238,32185,32203,2346
2026/2/3,10:00:00,32202,32238,32120,32151,2473
2026/2/3,10:05:00,32150,32200,32113,32134,2149
2026/2/3,10:10:00,32134,32138,32016,32017,2565
2026/2/3,10:15:00,32019,32151,32004,32138,2944
2026/2/3,10:20:00,32138,32154,32096,32111,1407
2026/2/3,10:25:00,32107,32107,32026,32058,1780
2026/2/3,10:30:00,32058,32143,32028,32078,2270
2026/2/3,10:35:00,32077,32127,32049,32049,1389
2026/2/3,10:40:00,32049,32087,32020,32081,1213
2026/2/3,10:45:00,32081,32115,32048,32064,1518
2026/2/3,10:50:00,32065,32134,32060,32115,1006
2026/2/3,10:55:00,32114,32181,32109,32166,1240
2026/2/3,11:00:00,32162,32185,32124,32156,865
2026/2/3,11:05:00,32156,32195,32147,32165,745
2026/2/3,11:10:00,32165,32186,32133,32138,754
2026/2/3,11:15:00,32138,32173,32133,32170,577
2026/2/3,11:20:00,32172,32177,32152,32168,460
2026/2/3,11:25:00,32168,32189,32157,32177,448
2026/2/3,11:30:00,32178,32181,32131,32160,856
2026/2/3,11:35:00,32163,32166,32116,32120,591
2026/2/3,11:40:00,32121,32156,32119,32153,363
2026/2/3,11:45:00,32155,32158,32092,32097,829
2026/2/3,11:50:00,32096,32131,32072,32118,987
2026/2/3,11:55:00,32118,32155,32115,32145,533
2026/2/3,12:00:00,32143,32246,32143,32227,1855
2026/2/3,12:05:00,32227,32236,32161,32168,1331
2026/2/3,12:10:00,32171,32174,32124,32139,817
2026/2/3,12:15:00,32138,32172,32134,32160,380
2026/2/3,12:20:00,32160,32183,32160,32168,480
2026/2/3,12:25:00,32170,32206,32170,32206,454
2026/2/3,12:30:00,32203,32253,32203,32240,948
2026/2/3,12:35:00,32240,32250,32214,32218,652
2026/2/3,12:40:00,32218,32250,32212,32250,544
2026/2/3,12:45:00,32248,32256,32224,32230,669
2026/2/3,12:50:00,32234,32235,32216,32220,327
2026/2/3,12:55:00,32218,32240,32213,32221,517
2026/2/3,13:00:00,32219,32245,32191,32202,929
2026/2/3,13:05:00,32203,32216,32180,32205,684
2026/2/3,13:10:00,32203,32263,32189,32255,930
2026/2/3,13:15:00,32259,32260,32223,32235,924
2026/2/3,13:20:00,32233,32272,32227,32263,946
2026/2/3,13:25:00,32261,32284,32244,32251,1124
2026/2/3,13:30:00,32254,32262,32236,32247,1085
2026/2/3,13:35:00,32247,32260,32245,32258,710
2026/2/3,13:40:00,32260,32300,32253,32261,2562
2026/2/3,15:00:00,32300,32368,32269,32354,1362
2026/2/3,15:05:00,32351,32383,32348,32372,724
2026/2/3,15:10:00,32374,32408,32369,32408,678
2026/2/3,15:15:00,32405,32419,32376,32381,597
2026/2/3,15:20:00,32380,32395,32372,32375,296
2026/2/3,15:25:00,32375,32395,32371,32395,227
2026/2/3,15:30:00,32394,32426,32386,32424,412
2026/2/3,15:35:00,32424,32480,32417,32466,1063
2026/2/3,15:40:00,32468,32476,32454,32470,464
2026/2/3,15:45:00,32468,32489,32460,32485,455
2026/2/3,15:50:00,32484,32484,32472,32475,196
2026/2/3,15:55:00,32476,32484,32465,32468,220
2026/2/3,16:00:00,32468,32474,32435,32455,544
2026/2/3,16:05:00,32455,32467,32431,32464,289
2026/2/3,16:10:00,32465,32474,32457,32471,225
2026/2/3,16:15:00,32473,32475,32456,32459,160
2026/2/3,16:20:00,32458,32487,32446,32482,298
2026/2/3,16:25:00,32481,32499,32462,32466,530
2026/2/3,16:30:00,32463,32465,32447,32450,218
2026/2/3,16:35:00,32448,32460,32446,32447,180
2026/2/3,16:40:00,32449,32453,32438,32440,235
2026/2/3,16:45:00,32440,32452,32433,32435,194
2026/2/3,16:50:00,32440,32440,32424,32430,204
2026/2/3,16:55:00,32432,32438,32423,32429,156
2026/2/3,17:00:00,32432,32454,32429,32440,274
2026/2/3,17:05:00,32444,32465,32442,32442,255
2026/2/3,17:10:00,32441,32443,32430,32440,151
2026/2/3,17:15:00,32437,32452,32431,32446,179
2026/2/3,17:20:00,32449,32449,32408,32411,366
2026/2/3,17:25:00,32411,32418,32375,32376,642
2026/2/3,17:30:00,32379,32404,32374,32401,391
2026/2/3,17:35:00,32398,32398,32373,32380,243
2026/2/3,17:40:00,32376,32404,32375,32399,193
2026/2/3,17:45:00,32400,32415,32390,32406,212
2026/2/3,17:50:00,32408,32427,32404,32411,193
2026/2/3,17:55:00,32409,32412,32391,32402,210
2026/2/3,18:00:00,32403,32436,32402,32436,212
2026/2/3,18:05:00,32436,32444,32423,32432,273
2026/2/3,18:10:00,32433,32439,32425,32429,100
2026/2/3,18:15:00,32428,32439,32419,32422,141
2026/2/3,18:20:00,32422,32428,32417,32419,75
2026/2/3,18:25:00,32418,32426,32412,32416,96
2026/2/3,18:30:00,32412,32412,32387,32388,172
2026/2/3,18:35:00,32388,32395,32384,32388,152
2026/2/3,18:40:00,32391,32395,32377,32385,159
2026/2/3,18:45:00,32385,32398,32374,32387,179
2026/2/3,18:50:00,32384,32394,32364,32394,357
2026/2/3,18:55:00,32391,32395,32381,32381,89
2026/2/3,19:00:00,32382,32393,32355,32366,303
2026/2/3,19:05:00,32365,32384,32363,32370,163
2026/2/3,19:10:00,32367,32380,32355,32375,199
2026/2/3,19:15:00,32374,32374,32352,32353,237
2026/2/3,19:20:00,32355,32375,32340,32340,452
2026/2/3,19:25:00,32340,32345,32328,32332,379
2026/2/3,19:30:00,32332,32340,32318,32330,350
2026/2/3,19:35:00,32328,32338,32324,32327,145
2026/2/3,19:40:00,32327,32340,32321,32334,169
2026/2/3,19:45:00,32336,32364,32335,32353,355
2026/2/3,19:50:00,32352,32352,32325,32335,217
2026/2/3,19:55:00,32339,32361,32339,32348,218
2026/2/3,20:00:00,32351,32353,32328,32343,303
2026/2/3,20:05:00,32344,32389,32340,32389,627
2026/2/3,20:10:00,32389,32397,32382,32396,248
2026/2/3,20:15:00,32396,32426,32390,32422,436
2026/2/3,20:20:00,32422,32424,32404,32409,344
2026/2/3,20:25:00,32409,32443,32408,32437,367
2026/2/3,20:30:00,32435,32454,32429,32449,448
2026/2/3,20:35:00,32446,32447,32433,32440,190
2026/2/3,20:40:00,32437,32446,32436,32436,143
2026/2/3,20:45:00,32437,32452,32435,32440,175
2026/2/3,20:50:00,32438,32440,32426,32430,167
2026/2/3,20:55:00,32429,32429,32413,32416,320
2026/2/3,21:00:00,32418,32423,32403,32415,308
2026/2/3,21:05:00,32415,32436,32415,32433,154
2026/2/3,21:10:00,32432,32443,32427,32429,193
2026/2/3,21:15:00,32430,32430,32415,32416,131
2026/2/3,21:20:00,32416,32416,32387,32392,340
2026/2/3,21:25:00,32392,32409,32392,32406,153
2026/2/3,21:30:00,32406,32414,32393,32403,182
2026/2/3,21:35:00,32405,32407,32392,32397,81
2026/2/3,21:40:00,32400,32402,32388,32392,126
2026/2/3,21:45:00,32391,32410,32382,32403,164
2026/2/3,21:50:00,32402,32402,32376,32386,199
2026/2/3,21:55:00,32388,32402,32388,32395,140
2026/2/3,22:00:00,32393,32400,32373,32376,227
2026/2/3,22:05:00,32376,32376,32361,32371,232
2026/2/3,22:10:00,32372,32388,32369,32388,93
2026/2/3,22:15:00,32385,32385,32368,32378,155
2026/2/3,22:20:00,32380,32392,32379,32385,121
2026/2/3,22:25:00,32385,32421,32380,32418,371
2026/2/3,22:30:00,32413,32444,32337,32372,1759
2026/2/3,22:35:00,32371,32408,32353,32367,1026
2026/2/3,22:40:00,32368,32395,32290,32317,1794
2026/2/3,22:45:00,32317,32384,32311,32362,1287
2026/2/3,22:50:00,32361,32362,32272,32275,1223
2026/2/3,22:55:00,32274,32277,32103,32118,3228
2026/2/3,23:00:00,32111,32154,32056,32114,3165
2026/2/3,23:05:00,32113,32145,32034,32093,2156
2026/2/3,23:10:00,32094,32124,32024,32050,1577
2026/2/3,23:15:00,32051,32096,32025,32077,1204
2026/2/3,23:20:00,32080,32114,32014,32034,1611
2026/2/3,23:25:00,32032,32110,32018,32085,1356
2026/2/3,23:30:00,32088,32112,32062,32068,908
2026/2/3,23:35:00,32066,32094,32050,32092,610
2026/2/3,23:40:00,32093,32102,32072,32076,469
2026/2/3,23:45:00,32075,32164,32051,32160,1780
2026/2/3,23:50:00,32159,32187,32136,32181,1469
2026/2/3,23:55:00,32181,32196,32173,32195,828
2026/2/4,00:00:00,32195,32195,32146,32150,650
2026/2/4,00:05:00,32153,32167,32118,32120,519
2026/2/4,00:10:00,32121,32154,32107,32129,726
2026/2/4,00:15:00,32132,32153,32123,32148,235
2026/2/4,00:20:00,32146,32158,32103,32117,496
2026/2/4,00:25:00,32115,32142,32097,32097,507
2026/2/4,00:30:00,32100,32128,32081,32121,586
2026/2/4,00:35:00,32124,32142,32112,32128,324
2026/2/4,00:40:00,32130,32147,32123,32130,359
2026/2/4,00:45:00,32125,32148,32107,32131,332
2026/2/4,00:50:00,32130,32133,32092,32120,307
2026/2/4,00:55:00,32120,32132,32107,32107,134
2026/2/4,01:00:00,32107,32119,32095,32103,326
2026/2/4,01:05:00,32101,32101,32066,32080,499
2026/2/4,01:10:00,32087,32090,31940,31967,2603
2026/2/4,01:15:00,31967,32013,31959,31995,724
2026/2/4,01:20:00,31994,32023,31969,32012,554
2026/2/4,01:25:00,32014,32026,31977,31979,422
2026/2/4,01:30:00,31979,31983,31955,31958,516
2026/2/4,01:35:00,31956,31972,31913,31927,739
2026/2/4,01:40:00,31925,31928,31892,31902,633
2026/2/4,01:45:00,31898,31974,31895,31971,598
2026/2/4,01:50:00,31966,32015,31942,31954,676
2026/2/4,01:55:00,31964,31975,31946,31946,294
2026/2/4,02:00:00,31945,31954,31925,31934,462
2026/2/4,02:05:00,31930,31988,31928,31963,429
2026/2/4,02:10:00,31960,31963,31862,31875,832
2026/2/4,02:15:00,31879,31914,31874,31913,462
2026/2/4,02:20:00,31908,31911,31859,31865,250
2026/2/4,02:25:00,31861,31879,31839,31854,448
2026/2/4,02:30:00,31852,31865,31823,31842,553
2026/2/4,02:35:00,31842,31863,31827,31859,273
2026/2/4,02:40:00,31857,31857,31808,31813,312
2026/2/4,02:45:00,31810,31833,31793,31815,377
2026/2/4,02:50:00,31813,31814,31780,31793,375
2026/2/4,02:55:00,31797,31838,31767,31768,447
2026/2/4,03:00:00,31766,31794,31750,31758,503
2026/2/4,03:05:00,31762,31775,31741,31752,387
2026/2/4,03:10:00,31751,31883,31748,31883,949
2026/2/4,03:15:00,31882,31907,31863,31894,617
2026/2/4,03:20:00,31894,31909,31873,31875,328
2026/2/4,03:25:00,31876,31880,31825,31850,479
2026/2/4,03:30:00,31856,31892,31825,31831,356
2026/2/4,03:35:00,31829,31870,31829,31858,108
2026/2/4,03:40:00,31859,31871,31842,31842,136
2026/2/4,03:45:00,31850,31850,31796,31796,432
2026/2/4,03:50:00,31796,31815,31770,31813,339
2026/2/4,03:55:00,31814,31885,31813,31875,556
2026/2/4,04:00:00,31873,31890,31840,31850,387
2026/2/4,04:05:00,31848,31873,31848,31867,91
2026/2/4,04:10:00,31870,31877,31841,31875,153
2026/2/4,04:15:00,31872,31896,31858,31878,173
2026/2/4,04:20:00,31875,31894,31864,31888,127
2026/2/4,04:25:00,31892,31924,31888,31914,309
2026/2/4,04:30:00,31915,31994,31915,31987,885
2026/2/4,04:35:00,31986,32048,31986,32042,712
2026/2/4,04:40:00,32041,32054,32019,32050,470
2026/2/4,04:45:00,32050,32113,32040,32107,894
2026/2/4,04:50:00,32109,32143,32109,32115,552
2026/2/4,04:55:00,32112,32138,32102,32105,459
2026/2/4,08:45:00,32110,32145,32061,32080,3142
2026/2/4,08:50:00,32075,32123,32052,32055,1619
2026/2/4,08:55:00,32055,32100,32050,32050,1183
2026/2/4,09:00:00,32050,32128,32044,32085,3082
2026/2/4,09:05:00,32085,32112,32034,32109,2086
2026/2/4,09:10:00,32109,32194,32092,32191,2725
2026/2/4,09:15:00,32189,32190,32137,32154,1531
2026/2/4,09:20:00,32158,32255,32158,32243,2606
2026/2/4,09:25:00,32237,32269,32205,32259,2574
2026/2/4,09:30:00,32256,32332,32242,32297,2860
2026/2/4,09:35:00,32297,32313,32223,32240,1440
2026/2/4,09:40:00,32237,32266,32226,32252,873
2026/2/4,09:45:00,32255,32308,32210,32218,1721
2026/2/4,09:50:00,32220,32279,32206,32262,1271
2026/2/4,09:55:00,32257,32380,32239,32379,2650
2026/2/4,10:00:00,32379,32417,32369,32408,2035
2026/2/4,10:05:00,32408,32475,32407,32449,2781
2026/2/4,10:10:00,32450,32468,32410,32424,1240
2026/2/4,10:15:00,32425,32432,32348,32349,1487
2026/2/4,10:20:00,32348,32376,32274,32296,1450
2026/2/4,10:25:00,32297,32326,32258,32279,1384
2026/2/4,10:30:00,32279,32348,32264,32345,1408
2026/2/4,10:35:00,32342,32376,32336,32362,784
2026/2/4,10:40:00,32362,32379,32334,32375,806
2026/2/4,10:45:00,32372,32393,32362,32377,821
2026/2/4,10:50:00,32375,32376,32326,32375,669
2026/2/4,10:55:00,32377,32393,32358,32393,482
2026/2/4,11:00:00,32392,32393,32345,32363,544
2026/2/4,11:05:00,32365,32384,32363,32373,320
2026/2/4,11:10:00,32373,32378,32356,32370,369
2026/2/4,11:15:00,32374,32405,32362,32379,866
2026/2/4,11:20:00,32375,32393,32364,32393,388
2026/2/4,11:25:00,32393,32426,32393,32416,885
2026/2/4,11:30:00,32415,32466,32413,32456,1039
2026/2/4,11:35:00,32458,32460,32429,32444,709
2026/2/4,11:40:00,32444,32449,32419,32419,468
2026/2/4,11:45:00,32419,32425,32396,32405,683
2026/2/4,11:50:00,32404,32406,32366,32385,675
2026/2/4,11:55:00,32384,32430,32384,32430,566
2026/2/4,12:00:00,32429,32432,32413,32425,386
2026/2/4,12:05:00,32427,32443,32395,32411,980
2026/2/4,12:10:00,32411,32433,32400,32421,725
2026/2/4,12:15:00,32421,32424,32392,32418,369
2026/2/4,12:20:00,32415,32419,32397,32405,246
2026/2/4,12:25:00,32405,32414,32392,32398,416
2026/2/4,12:30:00,32397,32408,32388,32402,288
2026/2/4,12:35:00,32400,32425,32395,32424,372
2026/2/4,12:40:00,32422,32450,32414,32440,627
2026/2/4,12:45:00,32440,32463,32440,32449,711
2026/2/4,12:50:00,32447,32458,32431,32433,353
2026/2/4,12:55:00,32435,32448,32426,32445,440
2026/2/4,13:00:00,32445,32451,32433,32436,415
2026/2/4,13:05:00,32437,32448,32426,32437,463
2026/2/4,13:10:00,32439,32447,32432,32436,331
2026/2/4,13:15:00,32435,32441,32420,32426,771
2026/2/4,13:20:00,32425,32439,32420,32432,594
2026/2/4,13:25:00,32432,32433,32418,32429,500
2026/2/4,13:30:00,32430,32433,32392,32405,1554
2026/2/4,13:35:00,32406,32414,32395,32407,599
2026/2/4,13:40:00,32407,32425,32406,32423,1506
2026/2/4,15:00:00,32477,32572,32473,32563,2544
2026/2/4,15:05:00,32565,32582,32553,32572,1081
2026/2/4,15:10:00,32574,32576,32551,32551,339
2026/2/4,15:15:00,32552,32562,32544,32554,345
2026/2/4,15:20:00,32553,32567,32553,32562,181
2026/2/4,15:25:00,32562,32562,32536,32547,289
2026/2/4,15:30:00,32548,32551,32534,32540,219
2026/2/4,15:35:00,32540,32564,32538,32563,199
2026/2/4,15:40:00,32560,32579,32560,32572,380
2026/2/4,15:45:00,32571,32609,32570,32595,810
2026/2/4,15:50:00,32598,32612,32591,32593,357
2026/2/4,15:55:00,32593,32595,32575,32578,272
2026/2/4,16:00:00,32579,32585,32528,32536,450
2026/2/4,16:05:00,32535,32572,32534,32561,366
2026/2/4,16:10:00,32562,32578,32560,32576,234
2026/2/4,16:15:00,32574,32575,32556,32557,209
2026/2/4,16:20:00,32557,32559,32529,32532,291
2026/2/4,16:25:00,32533,32538,32493,32503,763
2026/2/4,16:30:00,32501,32518,32483,32507,433
2026/2/4,16:35:00,32506,32525,32503,32508,219
2026/2/4,16:40:00,32508,32545,32504,32543,231
2026/2/4,16:45:00,32545,32546,32532,32536,140
2026/2/4,16:50:00,32535,32542,32527,32530,117
2026/2/4,16:55:00,32529,32532,32512,32532,149
2026/2/4,17:00:00,32531,32547,32516,32530,217
2026/2/4,17:05:00,32535,32550,32528,32528,167
2026/2/4,17:10:00,32526,32536,32509,32511,153
2026/2/4,17:15:00,32516,32519,32453,32462,740
2026/2/4,17:20:00,32465,32466,32433,32437,680
2026/2/4,17:25:00,32435,32467,32428,32461,322
2026/2/4,17:30:00,32464,32480,32453,32470,384
2026/2/4,17:35:00,32468,32474,32441,32470,262
2026/2/4,17:40:00,32470,32488,32447,32456,219
2026/2/4,17:45:00,32460,32494,32460,32483,301
2026/2/4,17:50:00,32483,32514,32477,32508,259
2026/2/4,17:55:00,32509,32532,32508,32520,283
2026/2/4,18:00:00,32518,32546,32511,32546,278
2026/2/4,18:05:00,32544,32555,32535,32538,273
2026/2/4,18:10:00,32539,32543,32524,32535,157
2026/2/4,18:15:00,32533,32553,32533,32553,130
2026/2/4,18:20:00,32552,32555,32533,32534,112
2026/2/4,18:25:00,32535,32545,32531,32539,81
2026/2/4,18:30:00,32538,32554,32538,32554,110
2026/2/4,18:35:00,32554,32554,32533,32534,114
2026/2/4,18:40:00,32538,32540,32532,32538,72
2026/2/4,18:45:00,32537,32545,32533,32545,53
2026/2/4,18:50:00,32545,32568,32545,32555,300
2026/2/4,18:55:00,32555,32563,32550,32550,89
2026/2/4,19:00:00,32552,32555,32545,32551,68
2026/2/4,19:05:00,32551,32552,32515,32516,223
2026/2/4,19:10:00,32515,32528,32504,32520,218
2026/2/4,19:15:00,32522,32530,32510,32527,143
2026/2/4,19:20:00,32527,32533,32521,32531,52
2026/2/4,19:25:00,32531,32544,32521,32535,100
2026/2/4,19:30:00,32535,32546,32528,32540,84
2026/2/4,19:35:00,32541,32556,32541,32552,148
2026/2/4,19:40:00,32555,32559,32538,32538,118
2026/2/4,19:45:00,32540,32548,32537,32548,59
2026/2/4,19:50:00,32547,32571,32547,32571,227
2026/2/4,19:55:00,32570,32574,32558,32560,159
2026/2/4,20:00:00,32559,32577,32550,32552,206
2026/2/4,20:05:00,32551,32551,32524,32534,258
2026/2/4,20:10:00,32535,32542,32530,32542,144
2026/2/4,20:15:00,32543,32548,32538,32543,77
2026/2/4,20:20:00,32541,32545,32535,32536,69
2026/2/4,20:25:00,32534,32539,32519,32524,185
2026/2/4,20:30:00,32524,32540,32519,32539,136
2026/2/4,20:35:00,32538,32538,32509,32516,237
2026/2/4,20:40:00,32518,32525,32506,32524,156
2026/2/4,20:45:00,32524,32538,32521,32524,180
2026/2/4,20:50:00,32523,32531,32518,32524,79
2026/2/4,20:55:00,32526,32535,32518,32525,100
2026/2/4,21:00:00,32525,32536,32516,32520,135
2026/2/4,21:05:00,32516,32527,32509,32509,155
2026/2/4,21:10:00,32508,32509,32487,32506,319
2026/2/4,21:15:00,32508,32532,32501,32520,253
2026/2/4,21:20:00,32519,32526,32486,32496,197
2026/2/4,21:25:00,32498,32511,32494,32495,133
2026/2/4,21:30:00,32496,32535,32470,32520,545
2026/2/4,21:35:00,32518,32518,32473,32483,356
2026/2/4,21:40:00,32490,32511,32486,32493,247
2026/2/4,21:45:00,32495,32495,32460,32462,371
2026/2/4,21:50:00,32461,32497,32454,32490,425
2026/2/4,21:55:00,32488,32493,32470,32472,159
2026/2/4,22:00:00,32470,32476,32448,32449,282
2026/2/4,22:05:00,32452,32458,32408,32420,777
2026/2/4,22:10:00,32423,32445,32421,32445,279
2026/2/4,22:15:00,32443,32468,32437,32447,583
2026/2/4,22:20:00,32443,32461,32433,32456,265
2026/2/4,22:25:00,32456,32487,32452,32478,473
2026/2/4,22:30:00,32475,32477,32329,32388,3022
2026/2/4,22:35:00,32390,32455,32365,32438,1415
2026/2/4,22:40:00,32438,32467,32400,32451,845
2026/2/4,22:45:00,32453,32512,32411,32490,1457
2026/2/4,22:50:00,32488,32509,32396,32453,1475
2026/2/4,22:55:00,32454,32461,32352,32365,1036
2026/2/4,23:00:00,32372,32372,32306,32320,2026
2026/2/4,23:05:00,32323,32414,32314,32399,1603
2026/2/4,23:10:00,32395,32408,32338,32360,1118
2026/2/4,23:15:00,32360,32365,32302,32308,1037
2026/2/4,23:20:00,32307,32365,32276,32347,1753
2026/2/4,23:25:00,32342,32382,32317,32331,999
2026/2/4,23:30:00,32333,32347,32253,32256,1457
2026/2/4,23:35:00,32257,32309,32187,32283,2840
2026/2/4,23:40:00,32283,32356,32267,32290,1608
2026/2/4,23:45:00,32293,32304,32234,32246,899
2026/2/4,23:50:00,32250,32267,32219,32255,707
2026/2/4,23:55:00,32257,32273,32213,32216,689
2026/2/5,00:00:00,32217,32237,32128,32129,2054
2026/2/5,00:05:00,32130,32172,32086,32094,1380
2026/2/5,00:10:00,32098,32150,32069,32120,1610
2026/2/5,00:15:00,32123,32140,32055,32068,1176
2026/2/5,00:20:00,32069,32090,32012,32085,1372
2026/2/5,00:25:00,32083,32114,32060,32093,806
2026/2/5,00:30:00,32093,32100,32018,32020,706
2026/2/5,00:35:00,32020,32042,31999,32005,1144
2026/2/5,00:40:00,32005,32013,31930,31930,1359
2026/2/5,00:45:00,31932,31950,31911,31932,1163
2026/2/5,00:50:00,31934,31968,31906,31945,1100
2026/2/5,00:55:00,31948,32043,31943,32028,1367
2026/2/5,01:00:00,32024,32058,32001,32047,942
2026/2/5,01:05:00,32049,32069,32018,32026,690
2026/2/5,01:10:00,32029,32067,31990,32055,851
2026/2/5,01:15:00,32060,32069,31974,31982,675
2026/2/5,01:20:00,31985,32000,31956,31958,479
2026/2/5,01:25:00,31956,31969,31839,31839,1909
2026/2/5,01:30:00,31839,31885,31822,31841,1160
2026/2/5,01:35:00,31838,31847,31792,31801,773
2026/2/5,01:40:00,31800,31844,31778,31840,815
2026/2/5,01:45:00,31838,31856,31786,31793,643
2026/2/5,01:50:00,31795,31874,31780,31862,723
2026/2/5,01:55:00,31863,31899,31859,31882,695
2026/2/5,02:00:00,31880,31891,31804,31853,780
2026/2/5,02:05:00,31851,31872,31793,31793,532
2026/2/5,02:10:00,31792,31831,31771,31812,587
2026/2/5,02:15:00,31813,31829,31768,31775,454
2026/2/5,02:20:00,31777,31860,31766,31860,555
2026/2/5,02:25:00,31865,31940,31859,31916,1019
2026/2/5,02:30:00,31915,31918,31797,31826,897
2026/2/5,02:35:00,31827,31862,31818,31841,400
2026/2/5,02:40:00,31844,31883,31828,31850,437
2026/2/5,02:45:00,31846,31849,31824,31825,183
2026/2/5,02:50:00,31823,31870,31796,31860,538
2026/2/5,02:55:00,31860,31899,31848,31860,437
2026/2/5,03:00:00,31858,31869,31828,31830,452
2026/2/5,03:05:00,31828,31859,31805,31850,308
2026/2/5,03:10:00,31857,31869,31842,31851,191
2026/2/5,03:15:00,31852,31919,31852,31895,368
2026/2/5,03:20:00,31895,31912,31855,31888,263
2026/2/5,03:25:00,31885,31911,31866,31911,205
2026/2/5,03:30:00,31912,31967,31906,31949,590
2026/2/5,03:35:00,31950,31963,31924,31947,303
2026/2/5,03:40:00,31942,32010,31938,31978,554
2026/2/5,03:45:00,31978,32056,31967,31994,1104
2026/2/5,03:50:00,31996,32034,31990,32006,357
2026/2/5,03:55:00,32005,32041,31990,32038,235
2026/2/5,04:00:00,32036,32042,31977,31990,335
2026/2/5,04:05:00,31988,32022,31988,32017,138
2026/2/5,04:10:00,32026,32026,31942,31975,281
2026/2/5,04:15:00,31975,31982,31947,31969,141
2026/2/5,04:20:00,31963,31983,31946,31970,111
2026/2/5,04:25:00,31968,31982,31948,31948,81
2026/2/5,04:30:00,31951,31981,31936,31970,200
2026/2/5,04:35:00,31969,31996,31961,31992,176
2026/2/5,04:40:00,31993,32019,31981,31987,194
2026/2/5,04:45:00,31985,32014,31978,31994,185
2026/2/5,04:50:00,31993,32004,31935,31936,196
2026/2/5,04:55:00,31937,31939,31888,31903,362
2026/2/5,08:45:00,31970,32066,31968,32060,2955
2026/2/5,08:50:00,32056,32091,32044,32087,1450
2026/2/5,08:55:00,32089,32092,32058,32074,1047
2026/2/5,09:00:00,32074,32089,31985,32026,2914
2026/2/5,09:05:00,32024,32142,32017,32133,2706
2026/2/5,09:10:00,32135,32145,32061,32124,1775
2026/2/5,09:15:00,32124,32157,32080,32100,1578
2026/2/5,09:20:00,32098,32099,32038,32058,1702
2026/2/5,09:25:00,32051,32166,32048,32133,1939
2026/2/5,09:30:00,32130,32161,32101,32137,1153
2026/2/5,09:35:00,32136,32161,32132,32139,683
2026/2/5,09:40:00,32141,32158,32115,32133,766
2026/2/5,09:45:00,32140,32145,32050,32050,1687
2026/2/5,09:50:00,32051,32117,32044,32082,968
2026/2/5,09:55:00,32083,32100,32020,32031,2113
2026/2/5,10:00:00,32033,32041,31929,31933,2777
2026/2/5,10:05:00,31931,32000,31900,31974,2962
2026/2/5,10:10:00,31974,32029,31954,31956,1660
2026/2/5,10:15:00,31956,31982,31893,31970,1876
2026/2/5,10:20:00,31965,32021,31953,32016,1191
2026/2/5,10:25:00,32018,32108,32011,32096,1649
2026/2/5,10:30:00,32096,32102,32039,32050,1106
2026/2/5,10:35:00,32049,32072,32030,32061,1084
2026/2/5,10:40:00,32061,32093,32034,32069,1205
2026/2/5,10:45:00,32069,32079,32006,32040,1138
2026/2/5,10:50:00,32042,32046,31963,31993,1295
2026/2/5,10:55:00,31995,31999,31940,31950,1220
2026/2/5,11:00:00,31954,31978,31905,31951,1677
2026/2/5,11:05:00,31953,31965,31879,31909,2427
2026/2/5,11:10:00,31911,31948,31902,31930,1246
2026/2/5,11:15:00,31925,31938,31871,31908,1541
2026/2/5,11:20:00,31905,31941,31897,31927,1305
2026/2/5,11:25:00,31927,31940,31840,31852,1445
2026/2/5,11:30:00,31854,31877,31834,31850,1276
2026/2/5,11:35:00,31850,31863,31827,31848,912
2026/2/5,11:40:00,31850,31892,31843,31879,1013
2026/2/5,11:45:00,31879,31880,31815,31823,884
2026/2/5,11:50:00,31827,31854,31802,31848,881
2026/2/5,11:55:00,31846,31856,31798,31802,751
2026/2/5,12:00:00,31804,31875,31804,31841,884
2026/2/5,12:05:00,31838,31851,31806,31841,727
2026/2/5,12:10:00,31837,31853,31825,31836,484
2026/2/5,12:15:00,31837,31840,31806,31829,556
2026/2/5,12:20:00,31830,31877,31826,31830,820
2026/2/5,12:25:00,31834,31879,31812,31876,688
2026/2/5,12:30:00,31875,31957,31871,31921,1852
2026/2/5,12:35:00,31924,31937,31902,31920,515
2026/2/5,12:40:00,31924,31956,31916,31946,597
2026/2/5,12:45:00,31947,31953,31922,31934,567
2026/2/5,12:50:00,31936,31966,31936,31957,577
2026/2/5,12:55:00,31959,31969,31933,31935,683
2026/2/5,13:00:00,31938,31948,31909,31942,1081
2026/2/5,13:05:00,31943,31945,31914,31929,464
2026/2/5,13:10:00,31929,31952,31904,31904,499
2026/2/5,13:15:00,31907,31930,31900,31910,604
2026/2/5,13:20:00,31908,31919,31870,31892,1056
2026/2/5,13:25:00,31889,31901,31868,31868,1497
2026/2/5,13:30:00,31869,31883,31839,31843,1950
2026/2/5,13:35:00,31843,31894,31842,31889,1221
2026/2/5,13:40:00,31890,31918,31878,31907,2065
2026/2/5,15:00:00,31951,32032,31945,31993,1159
2026/2/5,15:05:00,31993,32001,31951,31956,536
2026/2/5,15:10:00,31956,31972,31923,31924,378
2026/2/5,15:15:00,31926,31961,31923,31947,358
2026/2/5,15:20:00,31947,31964,31946,31964,189
2026/2/5,15:25:00,31963,31985,31952,31980,262
2026/2/5,15:30:00,31978,31985,31965,31970,171
2026/2/5,15:35:00,31970,31979,31951,31955,154
2026/2/5,15:40:00,31951,31957,31940,31943,195
2026/2/5,15:45:00,31941,31971,31940,31964,174
2026/2/5,15:50:00,31965,31981,31947,31976,265
2026/2/5,15:55:00,31973,31974,31912,31915,311
2026/2/5,16:00:00,31918,31974,31917,31974,419
2026/2/5,16:05:00,31972,32008,31968,32003,558
2026/2/5,16:10:00,32000,32009,31983,31995,246
2026/2/5,16:15:00,31996,32016,31994,32008,300
2026/2/5,16:20:00,32008,32014,31972,31974,294
2026/2/5,16:25:00,31972,31985,31950,31967,245
2026/2/5,16:30:00,31966,31976,31946,31946,223
2026/2/5,16:35:00,31945,31952,31934,31942,200
2026/2/5,16:40:00,31944,31959,31942,31944,99
2026/2/5,16:45:00,31941,31944,31921,31927,213
2026/2/5,16:50:00,31929,31929,31859,31875,778
2026/2/5,16:55:00,31876,31888,31857,31864,413
2026/2/5,17:00:00,31868,31902,31845,31854,562
2026/2/5,17:05:00,31851,31863,31819,31847,719
2026/2/5,17:10:00,31848,31863,31825,31860,336
2026/2/5,17:15:00,31858,31862,31833,31841,205
2026/2/5,17:20:00,31845,31900,31844,31899,365
2026/2/5,17:25:00,31899,31940,31899,31935,431
2026/2/5,17:30:00,31935,31966,31933,31938,389
2026/2/5,17:35:00,31940,31943,31913,31917,274
2026/2/5,17:40:00,31920,31922,31879,31881,292
2026/2/5,17:45:00,31884,31893,31866,31878,256
2026/2/5,17:50:00,31882,31902,31881,31898,175
2026/2/5,17:55:00,31898,31907,31883,31896,110
2026/2/5,18:00:00,31897,31916,31892,31913,195
2026/2/5,18:05:00,31913,31915,31895,31903,132
2026/2/5,18:10:00,31907,31944,31907,31944,326
2026/2/5,18:15:00,31943,31949,31927,31933,142
2026/2/5,18:20:00,31935,31946,31920,31936,121
2026/2/5,18:25:00,31934,31943,31932,31940,92
2026/2/5,18:30:00,31944,31946,31925,31928,165
2026/2/5,18:35:00,31927,31932,31907,31907,216
2026/2/5,18:40:00,31905,31929,31902,31912,98
2026/2/5,18:45:00,31912,31924,31905,31921,56
2026/2/5,18:50:00,31921,31928,31897,31899,80
2026/2/5,18:55:00,31898,31905,31886,31904,130
2026/2/5,19:00:00,31902,31902,31867,31874,188
2026/2/5,19:05:00,31874,31905,31866,31905,211
2026/2/5,19:10:00,31903,31917,31890,31902,230
2026/2/5,19:15:00,31903,31925,31901,31913,101
2026/2/5,19:20:00,31909,31955,31909,31936,307
2026/2/5,19:25:00,31935,31939,31909,31909,140
2026/2/5,19:30:00,31907,31916,31868,31883,266
2026/2/5,19:35:00,31884,31913,31884,31893,159
2026/2/5,19:40:00,31893,31915,31886,31897,95
2026/2/5,19:45:00,31898,31917,31895,31915,118
2026/2/5,19:50:00,31917,31923,31906,31908,104
2026/2/5,19:55:00,31911,31918,31908,31908,52
2026/2/5,20:00:00,31911,31936,31887,31935,309
2026/2/5,20:05:00,31935,31938,31897,31901,193
2026/2/5,20:10:00,31900,31919,31889,31918,153
2026/2/5,20:15:00,31918,31927,31875,31876,237
2026/2/5,20:20:00,31875,31875,31704,31705,2276
2026/2/5,20:25:00,31704,31748,31660,31672,1700
2026/2/5,20:30:00,31675,31693,31607,31607,2064
2026/2/5,20:35:00,31608,31647,31576,31611,1316
2026/2/5,20:40:00,31614,31635,31514,31581,1682
2026/2/5,20:45:00,31580,31591,31519,31553,1103
2026/2/5,20:50:00,31560,31610,31556,31599,830
2026/2/5,20:55:00,31595,31605,31552,31590,643
2026/2/5,21:00:00,31588,31633,31576,31584,807
2026/2/5,21:05:00,31585,31626,31568,31626,541
2026/2/5,21:10:00,31627,31630,31592,31602,326
2026/2/5,21:15:00,31603,31622,31583,31590,451
2026/2/5,21:20:00,31589,31617,31585,31610,262
2026/2/5,21:25:00,31615,31615,31570,31589,414
2026/2/5,21:30:00,31589,31677,31565,31668,1698
2026/2/5,21:35:00,31667,31684,31605,31608,902
2026/2/5,21:40:00,31608,31634,31606,31608,301
2026/2/5,21:45:00,31608,31617,31575,31586,506
2026/2/5,21:50:00,31583,31606,31542,31588,714
2026/2/5,21:55:00,31588,31590,31553,31573,372
2026/2/5,22:00:00,31570,31643,31537,31613,1047
2026/2/5,22:05:00,31610,31629,31601,31612,350
2026/2/5,22:10:00,31609,31622,31583,31583,419
2026/2/5,22:15:00,31583,31599,31541,31560,610
2026/2/5,22:20:00,31560,31581,31544,31573,341
2026/2/5,22:25:00,31582,31588,31553,31576,318
2026/2/5,22:30:00,31571,31614,31484,31614,3402
2026/2/5,22:35:00,31614,31745,31581,31745,3493
2026/2/5,22:40:00,31746,31870,31715,31855,3483
2026/2/5,22:45:00,31853,31922,31836,31903,2938
2026/2/5,22:50:00,31900,31987,31885,31913,3386
2026/2/5,22:55:00,31913,31918,31758,31766,2692
2026/2/5,23:00:00,31766,31862,31690,31714,2912
2026/2/5,23:05:00,31715,31721,31626,31684,1956
2026/2/5,23:10:00,31677,31699,31560,31568,1763
2026/2/5,23:15:00,31567,31655,31551,31603,2144
2026/2/5,23:20:00,31602,31644,31572,31602,1334
2026/2/5,23:25:00,31603,31665,31557,31562,1494
2026/2/5,23:30:00,31560,31620,31552,31569,1260
2026/2/5,23:35:00,31572,31688,31567,31684,1449
2026/2/5,23:40:00,31683,31718,31647,31687,1536
2026/2/5,23:45:00,31685,31705,31578,31586,1190
2026/2/5,23:50:00,31596,31664,31591,31630,862
2026/2/5,23:55:00,31627,31677,31610,31666,622
2026/2/6,00:00:00,31672,31679,31625,31627,684
2026/2/6,00:05:00,31627,31653,31597,31597,514
2026/2/6,00:10:00,31595,31650,31578,31585,659
2026/2/6,00:15:00,31588,31755,31588,31741,1743
2026/2/6,00:20:00,31740,31838,31739,31829,1940
2026/2/6,00:25:00,31832,31879,31802,31871,1419
2026/2/6,00:30:00,31874,31923,31852,31914,1646
2026/2/6,00:35:00,31913,31921,31868,31875,940
2026/2/6,00:40:00,31877,31903,31846,31868,822
2026/2/6,00:45:00,31872,31876,31812,31874,880
2026/2/6,00:50:00,31878,31935,31878,31922,1242
2026/2/6,00:55:00,31925,31947,31891,31940,903
2026/2/6,01:00:00,31943,31956,31856,31876,998
2026/2/6,01:05:00,31875,31926,31874,31901,505
2026/2/6,01:10:00,31899,31907,31866,31896,401
2026/2/6,01:15:00,31894,31900,31878,31881,207
2026/2/6,01:20:00,31878,31941,31847,31941,759
2026/2/6,01:25:00,31942,32026,31939,31990,1742
2026/2/6,01:30:00,31994,32012,31958,31967,563
2026/2/6,01:35:00,31957,32000,31948,31986,367
2026/2/6,01:40:00,31984,32017,31979,32004,623
2026/2/6,01:45:00,32005,32052,31974,31976,1149
2026/2/6,01:50:00,31975,32020,31960,31998,486
2026/2/6,01:55:00,31990,31997,31972,31989,341
2026/2/6,02:00:00,31985,32034,31982,31997,605
2026/2/6,02:05:00,31997,31997,31956,31959,454
2026/2/6,02:10:00,31956,31993,31906,31948,595
2026/2/6,02:15:00,31949,31959,31921,31923,247
2026/2/6,02:20:00,31921,31927,31848,31878,729
2026/2/6,02:25:00,31880,31898,31861,31869,318
2026/2/6,02:30:00,31867,31910,31861,31890,307
2026/2/6,02:35:00,31887,31887,31835,31840,278
2026/2/6,02:40:00,31839,31862,31818,31846,347
2026/2/6,02:45:00,31844,31850,31812,31821,302
2026/2/6,02:50:00,31817,31817,31757,31792,566
2026/2/6,02:55:00,31791,31836,31774,31825,351
2026/2/6,03:00:00,31823,31866,31809,31852,363
2026/2/6,03:05:00,31852,31902,31843,31884,320
2026/2/6,03:10:00,31886,31936,31878,31924,369
2026/2/6,03:15:00,31921,31945,31915,31933,237
2026/2/6,03:20:00,31935,31947,31924,31931,172
2026/2/6,03:25:00,31929,31931,31887,31890,226
2026/2/6,03:30:00,31888,31889,31826,31856,395
2026/2/6,03:35:00,31856,31874,31845,31850,168
2026/2/6,03:40:00,31846,31855,31830,31840,120
2026/2/6,03:45:00,31840,31850,31825,31832,93
2026/2/6,03:50:00,31829,31831,31795,31801,200
2026/2/6,03:55:00,31807,31838,31800,31838,157
2026/2/6,04:00:00,31839,31856,31812,31856,186
2026/2/6,04:05:00,31856,31909,31840,31899,256
2026/2/6,04:10:00,31900,31919,31871,31883,188
2026/2/6,04:15:00,31870,31870,31830,31830,295
2026/2/6,04:20:00,31827,31829,31770,31781,383
2026/2/6,04:25:00,31784,31786,31728,31737,350
2026/2/6,04:30:00,31741,31754,31720,31728,321
2026/2/6,04:35:00,31728,31750,31721,31731,193
2026/2/6,04:40:00,31734,31760,31710,31719,306
2026/2/6,04:45:00,31714,31731,31705,31725,227
2026/2/6,04:50:00,31726,31748,31691,31739,321
2026/2/6,04:55:00,31733,31770,31730,31760,287
2026/2/6,08:45:00,31458,31535,31428,31512,4482
2026/2/6,08:50:00,31509,31574,31503,31560,1797
2026/2/6,08:55:00,31556,31578,31516,31553,1211
2026/2/6,09:00:00,31554,31590,31400,31400,3950
2026/2/6,09:05:00,31400,31409,31270,31331,5285
2026/2/6,09:10:00,31328,31433,31309,31385,3272
2026/2/6,09:15:00,31387,31394,31251,31263,3241
2026/2/6,09:20:00,31259,31345,31228,31311,3652
2026/2/6,09:25:00,31314,31322,31220,31318,2792
2026/2/6,09:30:00,31319,31372,31244,31351,3568
2026/2/6,09:35:00,31350,31431,31329,31422,2579
2026/2/6,09:40:00,31418,31450,31362,31433,2384
2026/2/6,09:45:00,31434,31478,31397,31466,1789
2026/2/6,09:50:00,31462,31550,31430,31539,2609
2026/2/6,09:55:00,31542,31597,31524,31591,1920
2026/2/6,10:00:00,31588,31710,31586,31705,4155
2026/2/6,10:05:00,31704,31725,31641,31698,2234
2026/2/6,10:10:00,31700,31745,31696,31733,1975
2026/2/6,10:15:00,31729,31740,31675,31701,1981
2026/2/6,10:20:00,31700,31753,31693,31741,1494
2026/2/6,10:25:00,31742,31828,31726,31824,3095
2026/2/6,10:30:00,31824,31839,31758,31836,1953
2026/2/6,10:35:00,31838,31883,31782,31798,2114
2026/2/6,10:40:00,31798,31823,31753,31806,1668
2026/2/6,10:45:00,31806,31822,31758,31790,1128
2026/2/6,10:50:00,31792,31826,31767,31787,943
2026/2/6,10:55:00,31787,31815,31786,31796,494
2026/2/6,11:00:00,31798,31835,31762,31820,1034
2026/2/6,11:05:00,31817,31833,31793,31802,718
2026/2/6,11:10:00,31809,31813,31771,31773,467
2026/2/6,11:15:00,31772,31792,31737,31740,994
2026/2/6,11:20:00,31741,31796,31741,31766,819
2026/2/6,11:25:00,31767,31798,31765,31787,303
2026/2/6,11:30:00,31786,31847,31776,31827,1318
2026/2/6,11:35:00,31825,31836,31795,31797,516
2026/2/6,11:40:00,31797,31798,31700,31729,2096
2026/2/6,11:45:00,31726,31785,31724,31780,877
2026/2/6,11:50:00,31781,31822,31780,31814,700
2026/2/6,11:55:00,31816,31817,31791,31794,398
2026/2/6,12:00:00,31792,31801,31781,31787,362
2026/2/6,12:05:00,31785,31790,31766,31767,386
2026/2/6,12:10:00,31768,31780,31745,31757,520
2026/2/6,12:15:00,31755,31765,31741,31749,418
2026/2/6,12:20:00,31749,31752,31693,31703,1076
2026/2/6,12:25:00,31706,31751,31706,31733,682
2026/2/6,12:30:00,31732,31755,31706,31731,924
2026/2/6,12:35:00,31728,31732,31686,31705,697
2026/2/6,12:40:00,31706,31713,31678,31688,539
2026/2/6,12:45:00,31688,31701,31663,31663,739
2026/2/6,12:50:00,31665,31677,31651,31656,870
2026/2/6,12:55:00,31656,31663,31608,31660,1541
2026/2/6,13:00:00,31657,31691,31630,31654,1306
2026/2/6,13:05:00,31652,31674,31646,31655,763
2026/2/6,13:10:00,31657,31704,31638,31704,928
2026/2/6,13:15:00,31704,31715,31670,31674,900
2026/2/6,13:20:00,31674,31708,31674,31700,679
2026/2/6,13:25:00,31700,31734,31681,31733,1146
2026/2/6,13:30:00,31733,31772,31708,31767,1881
2026/2/6,13:35:00,31766,31788,31751,31779,1256
2026/2/6,13:40:00,31782,31807,31774,31807,1791
